{
    "delp": [
        "~a_0 -< true.",
        "~a_2 -< true.",
        "~a_4 -< true.",
        "~a_5 -< true.",
        "~a_6 -< true.",
        "a_7 -< true.",
        "~a_9 -< true.",
        "~a_11 -< true.",
        "a_13 -< true.",
        "~a_14 -< true.",
        "a_15 -< true.",
        "a_16 -< true.",
        "a_23 -< true.",
        "a_26 -< true.",
        "a_27 -< true.",
        "a_31 -< true.",
        "a_32 -< true.",
        "a_36 -< true.",
        "a_37 -< true.",
        "~a_39 -< true.",
        "a_41 -< true.",
        "a_44 -< true.",
        "a_47 -< true.",
        "a_48 -< true.",
        "a_52 -< true.",
        "~a_55 -< true.",
        "~a_60 -< true.",
        "a_61 -< true.",
        "a_65 -< true.",
        "a_66 -< true.",
        "a_67 -< true.",
        "~a_71 -< true.",
        "~a_72 -< true.",
        "~a_76 -< true.",
        "a_77 -< true.",
        "~a_79 -< true.",
        "~a_80 -< true.",
        "a_86 -< true.",
        "~a_89 -< true.",
        "a_91 -< true.",
        "~a_99 -< true.",
        "~a_105 -< true.",
        "~d_111 -< true.",
        "d_112 -< true.",
        "d_113 -< true.",
        "d_114 -< true.",
        "d_115 -< true.",
        "~a_1 <- true.",
        "~a_3 <- true.",
        "~a_8 <- true.",
        "~a_10 <- true.",
        "a_12 <- true.",
        "a_17 <- true.",
        "~a_18 <- true.",
        "a_19 <- true.",
        "a_20 <- true.",
        "~a_21 <- true.",
        "a_22 <- true.",
        "a_24 <- true.",
        "a_25 <- true.",
        "~a_28 <- true.",
        "~a_29 <- true.",
        "~a_30 <- true.",
        "a_33 <- true.",
        "~a_34 <- true.",
        "~a_35 <- true.",
        "~a_38 <- true.",
        "~a_40 <- true.",
        "~a_42 <- true.",
        "~a_43 <- true.",
        "~a_45 <- true.",
        "a_46 <- true.",
        "~a_49 <- true.",
        "a_50 <- true.",
        "~a_51 <- true.",
        "a_53 <- true.",
        "~a_54 <- true.",
        "a_56 <- true.",
        "~a_57 <- true.",
        "~a_58 <- true.",
        "~a_59 <- true.",
        "a_62 <- true.",
        "~a_63 <- true.",
        "a_64 <- true.",
        "a_68 <- true.",
        "a_69 <- true.",
        "~a_70 <- true.",
        "a_73 <- true.",
        "a_74 <- true.",
        "a_75 <- true.",
        "~a_78 <- true.",
        "a_81 <- true.",
        "a_82 <- true.",
        "~a_83 <- true.",
        "~a_84 <- true.",
        "~a_85 <- true.",
        "~a_87 <- true.",
        "a_88 <- true.",
        "a_90 <- true.",
        "~a_92 <- true.",
        "a_93 <- true.",
        "~a_94 <- true.",
        "a_95 <- true.",
        "a_96 <- true.",
        "~a_97 <- true.",
        "a_98 <- true.",
        "~a_110 <- true.",
        "~a_102 -< a_95,a_75.",
        "a_100 <- a_98,a_36.",
        "~a_102 <- ~a_71,~a_70,a_33.",
        "a_101 <- ~a_49,a_61,a_69.",
        "~a_104 -< ~a_102,a_41,a_101.",
        "~a_104 -< ~a_102,~a_105.",
        "a_103 <- ~a_102.",
        "a_106 <- a_101,a_86.",
        "a_109 -< a_103,a_106,~a_110.",
        "~a_108 -< ~a_104.",
        "a_107 -< ~a_104.",
        "a_107 -< ~a_104,~a_102.",
        "~a_108 <- a_103,a_101.",
        "a_109 <- a_106.",
        "~a_109 -< ~d_111,~a_102.",
        "a_108 -< a_95,d_112,a_75.",
        "~a_107 -< ~a_71,d_113,a_33,~a_70.",
        "~a_107 -< d_114,~a_102,~a_104.",
        "a_108 -< a_61,d_115,~a_49,a_69."
    ],
    "literals": {
        "0": [
            "~a_0",
            "~a_1",
            "~a_2",
            "~a_3",
            "~a_4",
            "~a_5",
            "~a_6",
            "a_7",
            "~a_8",
            "~a_9",
            "~a_10",
            "~a_11",
            "a_12",
            "a_13",
            "~a_14",
            "a_15",
            "a_16",
            "a_17",
            "~a_18",
            "a_19",
            "a_20",
            "~a_21",
            "a_22",
            "a_23",
            "a_24",
            "a_25",
            "a_26",
            "a_27",
            "~a_28",
            "~a_29",
            "~a_30",
            "a_31",
            "a_32",
            "a_33",
            "~a_34",
            "~a_35",
            "a_36",
            "a_37",
            "~a_38",
            "~a_39",
            "~a_40",
            "a_41",
            "~a_42",
            "~a_43",
            "a_44",
            "~a_45",
            "a_46",
            "a_47",
            "a_48",
            "~a_49",
            "a_50",
            "~a_51",
            "a_52",
            "a_53",
            "~a_54",
            "~a_55",
            "a_56",
            "~a_57",
            "~a_58",
            "~a_59",
            "~a_60",
            "a_61",
            "a_62",
            "~a_63",
            "a_64",
            "a_65",
            "a_66",
            "a_67",
            "a_68",
            "a_69",
            "~a_70",
            "~a_71",
            "~a_72",
            "a_73",
            "a_74",
            "a_75",
            "~a_76",
            "a_77",
            "~a_78",
            "~a_79",
            "~a_80",
            "a_81",
            "a_82",
            "~a_83",
            "~a_84",
            "~a_85",
            "a_86",
            "~a_87",
            "a_88",
            "~a_89",
            "a_90",
            "a_91",
            "~a_92",
            "a_93",
            "~a_94",
            "a_95",
            "a_96",
            "~a_97",
            "a_98",
            "~a_99",
            "~a_105",
            "~a_110",
            "~d_111",
            "d_112",
            "d_113",
            "d_114",
            "d_115"
        ],
        "1": [
            "a_100",
            "a_101",
            "~a_102",
            "~a_102"
        ],
        "2": [
            "a_103",
            "~a_104",
            "~a_104",
            "a_106"
        ],
        "3": [
            "a_107",
            "a_107",
            "~a_108",
            "~a_108",
            "a_109",
            "a_109"
        ],
        "4": [
            "~a_109",
            "a_108",
            "~a_107",
            "~a_107",
            "a_108"
        ]
    }
}