{
    "args": {
        "mean": 20.06,
        "std": 16.04
    },
    "addl": {
        "mean": 2.45,
        "std": 1.89
    },
    "t": {
        "mean": 11.36,
        "std": 11.16
    },
    "b": {
        "mean": 1.21,
        "std": 1.4
    },
    "h": {
        "mean": 1.09,
        "std": 0.94
    },
    "times": {
        "min": 0.04,
        "max": 1.11,
        "mean": 0.53,
        "std": 0.44
    },
    "rules": {
        "mean": 28.5,
        "std": 110.87
    },
    "base": {
        "mean": 114.92,
        "std": 96.53
    }
}