{
    "args": {
        "mean": 28.04,
        "std": 16.87
    },
    "addl": {
        "mean": 3.07,
        "std": 1.63
    },
    "t": {
        "mean": 16.65,
        "std": 12.35
    },
    "b": {
        "mean": 2.0,
        "std": 2.77
    },
    "h": {
        "mean": 1.31,
        "std": 0.81
    },
    "times": {
        "min": 0.03,
        "max": 3.01,
        "mean": 0.91,
        "std": 1.11
    },
    "rules": {
        "mean": 41.38,
        "std": 239.07
    },
    "base": {
        "mean": 127.91,
        "std": 224.72
    }
}